--- ===============================================================================================================================================
--- INSERCIONES DIRECTAS
--- ===============================================================================================================================================
--- =====TABLA CATEGORIAS======= ---
INSERT INTO  CATEGORIAS (ID_CATEGORIA, NOMBRE, DESCRIPCION, FECHA_MODIFICACION)
VALUES(1, 'Electrodomésticos', 'Electrónicos o mecánicos.', DATE'2024-08-20');
INSERT INTO CATEGORIAS (ID_CATEGORIA, NOMBRE, DESCRIPCION, FECHA_MODIFICACION)
VALUES (2, 'Celulares', 'Dispositivo electrónico portátil.', DATE'2023-06-10');
INSERT INTO CATEGORIAS (ID_CATEGORIA, NOMBRE, DESCRIPCION, FECHA_MODIFICACION)
VALUES(3, 'Motos y Movilidad', 'Medio de transporte eficiente.', DATE'2022-09-09');
COMMIT ;

--- =====TABLA PRODUCTOS======= ---
INSERT INTO PRODUCTOS(ID_PRODUCTO, NOMBRE, PRECIO, STOCK, ID_CATEGORIA, DESCRIPCION, ESTATUS, FECHA_CREACION, FECHA_MODIFICACION)
VALUES (1,'Vajilla Cerámica',750.00,5,1,'Llena de vitalidad y frescura a tu comedor', 'Disponible',DATE'2026-03-02', DATE'2026-02-02');
INSERT INTO PRODUCTOS(ID_PRODUCTO, NOMBRE, PRECIO, STOCK, ID_CATEGORIA, DESCRIPCION, ESTATUS, FECHA_CREACION, FECHA_MODIFICACION)
VALUES (2,'Juego de Cubiertos',230.00, 3,1, 'Complementa tu mesa con este juego de cubiertos.', 'Disponible', DATE'2026-03-04',DATE'2026-04-04');

INSERT INTO PRODUCTOS(ID_PRODUCTO, NOMBRE, PRECIO, STOCK, ID_CATEGORIA, DESCRIPCION, ESTATUS, FECHA_CREACION, FECHA_MODIFICACION)
VALUES (3,'Cuatrimoto Vento',42999.00,1,3,'Cuatrimoto de 4 tiempos, enfriado por aire','Disponible', DATE'2025-12-12', DATE'2026-01-12');
INSERT INTO PRODUCTOS(ID_PRODUCTO, NOMBRE, PRECIO, STOCK, ID_CATEGORIA, DESCRIPCION, ESTATUS, FECHA_CREACION, FECHA_MODIFICACION)
VALUES(4, 'Motocicleta', 18999.00, 6,3, 'Motor de 170 cc con 14 HP', 'Disponible', DATE'2025-12-11', DATE'2026-02-11');

INSERT INTO PRODUCTOS(ID_PRODUCTO, NOMBRE, PRECIO, STOCK, ID_CATEGORIA, DESCRIPCION, ESTATUS, FECHA_CREACION, FECHA_MODIFICACION)
VALUES(5,'Movistar Honor X5c Plus',299.00,3,2,'Mayor rendimiento diseñado para la conectividad', 'Disponible', DATE'2025-03-03', DATE'2026-03-06');
INSERT INTO PRODUCTOS(ID_PRODUCTO, NOMBRE, PRECIO, STOCK, ID_CATEGORIA, DESCRIPCION, ESTATUS, FECHA_CREACION, FECHA_MODIFICACION)
VALUES (6, 'Samsung Galaxy A56',7199.00,8,2,'Tiene un sistema operativo Android 15','Disponible',Date'2025-11-11', DATE'2026-01-12');
COMMIT;
--- ======TABLA CLIENTES====== ---
INSERT INTO CLIENTES(ID_CLIENTE, NOMBRE, APATERNO, AMATERNO, EMAIL, TELEFONO, FECHA_REGISTRO, FECHA_CREACION, FECHA_MODIFICACION)
VALUES(1,'Alejandro','Perez', 'Gonzalez','aleperez@gmail.com','4187854639',Date'2026-03-10',DATE'2026-03-11',DATE'2026-03-12');
INSERT INTO CLIENTES(ID_CLIENTE, NOMBRE, APATERNO, AMATERNO, EMAIL, TELEFONO, FECHA_REGISTRO, FECHA_CREACION, FECHA_MODIFICACION)
VALUES(2,'Maria', 'Puente', 'Gonzalez','mariagpuenteg@gmail.com', '4181187756',DATE'2026-03-11',DATE'2026-03-12', DATE'2026-03-13');
INSERT INTO CLIENTES(ID_CLIENTE, NOMBRE, APATERNO, AMATERNO, EMAIL, TELEFONO, FECHA_REGISTRO, FECHA_CREACION, FECHA_MODIFICACION)
VALUES(3,'Oscar', 'Mejia', 'Hernandez', 'oscarmejia@gmail.com', '0987654321',Date'2026-03-14',Date'2026-03-15',DATE'2026-03-16') ;
COMMIT;

--- =====TABLA VENTAS===== ---
INSERT INTO VENTAS(ID_VENTA, ID_CLIENTE, ID_PRODUCTO, CANTIDAD,FECHA_VENTA, USUARIO_REGISTRO, FECHA_CREACION,FECHA_MODIFICACION)
    VALUES(1,2,3, 42999.00,DATE'2026-03-22', 'ADMIN',DATE'2026-03-21',DATE'2026-03-22');

INSERT INTO VENTAS(ID_VENTA, ID_CLIENTE, ID_PRODUCTO, CANTIDAD,FECHA_VENTA, USUARIO_REGISTRO, FECHA_CREACION,FECHA_MODIFICACION)
    VALUES(2,1,5,7199.00, DATE'2026-03-22','ADMIN', DATE'2026-03-20',DATE'2026-03-21');

INSERT INTO VENTAS(ID_VENTA, ID_CLIENTE, ID_PRODUCTO, CANTIDAD,FECHA_VENTA, USUARIO_REGISTRO, FECHA_CREACION,FECHA_MODIFICACION)
    VALUES (3,3,6,7199.00,DATE'2026-03-22','ADMIN',DATE'2026-03-25', DATE'2026-03-26');
COMMIT;

